response,shock,horizon,value
INF,INF,0,0.2526431195696558
INF,INF,1,0.1345977357082911
INF,INF,2,0.025199559135754696
INF,INF,3,0.007702604036595183
INF,INF,4,0.028763908137613304
INF,INF,5,0.015072402900419635
INF,INF,6,0.006356173476361981
INF,INF,7,0.007540646487591742
INF,INF,8,0.008949356750405067
INF,INF,9,0.007226069194346258
INF,INF,10,0.0046586731770393
INF,INF,11,0.0019895783783944795
INF,INF,12,0.0002820518826043327
INF,INF,13,0.0002174114567177131
INF,INF,14,0.000814120767191823
INF,INF,15,0.001233524974472413
INF,INF,16,0.001387518502247993
INF,INF,17,0.0012381791167261473
INF,INF,18,0.0009045387054012014
INF,INF,19,0.0005612484545911475
INF,INF,20,0.0003790481905435012
INF,INF,21,0.0004023389571837264
INF,INF,22,0.0005335019873164025
INF,INF,23,0.0006082864860750348
INF,INF,24,0.0005979339712160341
INF,FEDFUNDS,0,0.0
INF,FEDFUNDS,1,0.04238859896660512
INF,FEDFUNDS,2,0.03782127919597525
INF,FEDFUNDS,3,-0.01005840884839154
INF,FEDFUNDS,4,-0.015168845674713978
INF,FEDFUNDS,5,-0.001431613831167492
INF,FEDFUNDS,6,0.0005632132675479402
INF,FEDFUNDS,7,-0.0006804127550241982
INF,FEDFUNDS,8,0.000682706864905465
INF,FEDFUNDS,9,-0.00011606626773032899
INF,FEDFUNDS,10,-0.0007951278311108206
INF,FEDFUNDS,11,-0.00022663846516575648
INF,FEDFUNDS,12,-0.00018996190616523776
INF,FEDFUNDS,13,-0.0004867347273397033
INF,FEDFUNDS,14,-0.0005158827820399716
INF,FEDFUNDS,15,9.129177377563241e-05
INF,FEDFUNDS,16,0.0007178115276212107
INF,FEDFUNDS,17,0.0007905722596485367
INF,FEDFUNDS,18,0.0006230968270448384
INF,FEDFUNDS,19,0.0005904540699829494
INF,FEDFUNDS,20,0.0006370512234682984
INF,FEDFUNDS,21,0.0006621516234457911
INF,FEDFUNDS,22,0.0007052272963637841
INF,FEDFUNDS,23,0.0007844922307748474
INF,FEDFUNDS,24,0.0008460791496426631
INF,UNRATE,0,0.0
INF,UNRATE,1,0.013612334624836898
INF,UNRATE,2,0.00883609635062937
INF,UNRATE,3,-0.0022428757920735405
INF,UNRATE,4,0.0006870015180166789
INF,UNRATE,5,0.00886386105930221
INF,UNRATE,6,-0.0003224812199170233
INF,UNRATE,7,-0.008166104759204795
INF,UNRATE,8,-0.004700614682981221
INF,UNRATE,9,-0.0005663554908597686
INF,UNRATE,10,-0.0012369126746617299
INF,UNRATE,11,-0.0023349938071093018
INF,UNRATE,12,-0.002347653732643624
INF,UNRATE,13,-0.0009792420871299705
INF,UNRATE,14,-0.00044801790513986946
INF,UNRATE,15,-0.0011954267073811815
INF,UNRATE,16,-0.0016182756999275456
INF,UNRATE,17,-0.001295270783077114
INF,UNRATE,18,-0.0009963229510162798
INF,UNRATE,19,-0.00091469784986579
INF,UNRATE,20,-0.0008355596745026873
INF,UNRATE,21,-0.0007214891924124324
INF,UNRATE,22,-0.0006617766832420367
INF,UNRATE,23,-0.0006664953979368179
INF,UNRATE,24,-0.0006806300379795986
INF,INDPRO_GROWTH,0,0.0
INF,INDPRO_GROWTH,1,0.016360177618308845
INF,INDPRO_GROWTH,2,0.045842809513646096
INF,INDPRO_GROWTH,3,0.027283221477296647
INF,INDPRO_GROWTH,4,-0.0012436270144900868
INF,INDPRO_GROWTH,5,0.0010259385811383194
INF,INDPRO_GROWTH,6,0.008053775335394217
INF,INDPRO_GROWTH,7,0.010365744455443807
INF,INDPRO_GROWTH,8,0.004535669662188272
INF,INDPRO_GROWTH,9,0.0019849733503247476
INF,INDPRO_GROWTH,10,0.003345094038947331
INF,INDPRO_GROWTH,11,0.003843952118217285
INF,INDPRO_GROWTH,12,0.002149654891703443
INF,INDPRO_GROWTH,13,0.0010032062700445503
INF,INDPRO_GROWTH,14,0.0009836639388465405
INF,INDPRO_GROWTH,15,0.0012706900874190747
INF,INDPRO_GROWTH,16,0.0012433619957505327
INF,INDPRO_GROWTH,17,0.0010008973615383704
INF,INDPRO_GROWTH,18,0.0009090455831481133
INF,INDPRO_GROWTH,19,0.0009263702767667016
INF,INDPRO_GROWTH,20,0.0008575062771864483
INF,INDPRO_GROWTH,21,0.0007358194395343458
INF,INDPRO_GROWTH,22,0.0006802544635822927
INF,INDPRO_GROWTH,23,0.0007041103556329114
INF,INDPRO_GROWTH,24,0.0007250031556690676
INF,SENTIMENT_CHANGE,0,0.0
INF,SENTIMENT_CHANGE,1,0.001413894515411988
INF,SENTIMENT_CHANGE,2,-0.005777254559896256
INF,SENTIMENT_CHANGE,3,-0.025635376469676358
INF,SENTIMENT_CHANGE,4,-0.022501629911366255
INF,SENTIMENT_CHANGE,5,-0.001552951537463487
INF,SENTIMENT_CHANGE,6,0.011933535243897498
INF,SENTIMENT_CHANGE,7,0.007438860888958483
INF,SENTIMENT_CHANGE,8,0.0028657426097659687
INF,SENTIMENT_CHANGE,9,-0.00023727577448808478
INF,SENTIMENT_CHANGE,10,-0.0030790403921064965
INF,SENTIMENT_CHANGE,11,-0.003881568224370836
INF,SENTIMENT_CHANGE,12,-0.0017061346419403854
INF,SENTIMENT_CHANGE,13,0.0005112260822539188
INF,SENTIMENT_CHANGE,14,0.0014614732195149336
INF,SENTIMENT_CHANGE,15,0.001269090068555076
INF,SENTIMENT_CHANGE,16,0.0004585551152371237
INF,SENTIMENT_CHANGE,17,-0.0003375281439224097
INF,SENTIMENT_CHANGE,18,-0.0005952687230047716
INF,SENTIMENT_CHANGE,19,-0.0004737772606722292
INF,SENTIMENT_CHANGE,20,-0.0002294634032056227
INF,SENTIMENT_CHANGE,21,3.440501720779685e-05
INF,SENTIMENT_CHANGE,22,0.00019086351950323852
INF,SENTIMENT_CHANGE,23,0.00015567258037377918
INF,SENTIMENT_CHANGE,24,2.9705244228308466e-05
FEDFUNDS,INF,0,0.0298483794493652
FEDFUNDS,INF,1,0.03848009896656476
FEDFUNDS,INF,2,0.05834827117853387
FEDFUNDS,INF,3,0.06327882471126275
FEDFUNDS,INF,4,0.054642508472118274
FEDFUNDS,INF,5,0.05696635688549558
FEDFUNDS,INF,6,0.06251665709842841
FEDFUNDS,INF,7,0.06694837826624761
FEDFUNDS,INF,8,0.06852819044931072
FEDFUNDS,INF,9,0.07141132016399195
FEDFUNDS,INF,10,0.07405527927589821
FEDFUNDS,INF,11,0.07555994573127821
FEDFUNDS,INF,12,0.07599011292865007
FEDFUNDS,INF,13,0.07638733623142789
FEDFUNDS,INF,14,0.07710103915376135
FEDFUNDS,INF,15,0.07784135878596565
FEDFUNDS,INF,16,0.07841131270144978
FEDFUNDS,INF,17,0.07876880610381899
FEDFUNDS,INF,18,0.07886906714906514
FEDFUNDS,INF,19,0.07868907989406347
FEDFUNDS,INF,20,0.0783178913412337
FEDFUNDS,INF,21,0.07784307500556872
FEDFUNDS,INF,22,0.07729288741826212
FEDFUNDS,INF,23,0.07666769627220688
FEDFUNDS,INF,24,0.0759455587065105
FEDFUNDS,FEDFUNDS,0,0.1266706095129927
FEDFUNDS,FEDFUNDS,1,0.19594748008519092
FEDFUNDS,FEDFUNDS,2,0.2359553825607226
FEDFUNDS,FEDFUNDS,3,0.2708358510134894
FEDFUNDS,FEDFUNDS,4,0.30535542992827963
FEDFUNDS,FEDFUNDS,5,0.3290060557330424
FEDFUNDS,FEDFUNDS,6,0.3473854549392697
FEDFUNDS,FEDFUNDS,7,0.3657836474758545
FEDFUNDS,FEDFUNDS,8,0.3799851368277381
FEDFUNDS,FEDFUNDS,9,0.38957747477185384
FEDFUNDS,FEDFUNDS,10,0.3953663702219259
FEDFUNDS,FEDFUNDS,11,0.3989157258630815
FEDFUNDS,FEDFUNDS,12,0.4002914613626213
FEDFUNDS,FEDFUNDS,13,0.3994585077043766
FEDFUNDS,FEDFUNDS,14,0.39688662040074324
FEDFUNDS,FEDFUNDS,15,0.39299077186756687
FEDFUNDS,FEDFUNDS,16,0.38793967315814676
FEDFUNDS,FEDFUNDS,17,0.3818295182355954
FEDFUNDS,FEDFUNDS,18,0.3747651028843993
FEDFUNDS,FEDFUNDS,19,0.3668517165562373
FEDFUNDS,FEDFUNDS,20,0.35827537750005783
FEDFUNDS,FEDFUNDS,21,0.349209117578219
FEDFUNDS,FEDFUNDS,22,0.33975967438356375
FEDFUNDS,FEDFUNDS,23,0.33000695481632064
FEDFUNDS,FEDFUNDS,24,0.3200328048306125
FEDFUNDS,UNRATE,0,0.0
FEDFUNDS,UNRATE,1,0.015466423975808974
FEDFUNDS,UNRATE,2,0.03251265338152463
FEDFUNDS,UNRATE,3,0.04251108422767536
FEDFUNDS,UNRATE,4,0.047807357956869335
FEDFUNDS,UNRATE,5,0.05319650709276207
FEDFUNDS,UNRATE,6,0.05539093900852468
FEDFUNDS,UNRATE,7,0.05456439644104012
FEDFUNDS,UNRATE,8,0.05111023259218503
FEDFUNDS,UNRATE,9,0.048427239563917576
FEDFUNDS,UNRATE,10,0.0461359528043488
FEDFUNDS,UNRATE,11,0.04299544666823433
FEDFUNDS,UNRATE,12,0.03920184683209459
FEDFUNDS,UNRATE,13,0.03506204898930829
FEDFUNDS,UNRATE,14,0.030891057548342225
FEDFUNDS,UNRATE,15,0.026634589358057254
FEDFUNDS,UNRATE,16,0.022130559953748238
FEDFUNDS,UNRATE,17,0.01748331935264929
FEDFUNDS,UNRATE,18,0.013015747445437133
FEDFUNDS,UNRATE,19,0.00876037683453467
FEDFUNDS,UNRATE,20,0.004620107740914739
FEDFUNDS,UNRATE,21,0.0006017732924135808
FEDFUNDS,UNRATE,22,-0.0032431721427655497
FEDFUNDS,UNRATE,23,-0.006908055322168034
FEDFUNDS,UNRATE,24,-0.010393914498603848
FEDFUNDS,INDPRO_GROWTH,0,0.0
FEDFUNDS,INDPRO_GROWTH,1,0.02220029951573673
FEDFUNDS,INDPRO_GROWTH,2,0.036421699027719676
FEDFUNDS,INDPRO_GROWTH,3,0.05897017009884492
FEDFUNDS,INDPRO_GROWTH,4,0.07182606159158791
FEDFUNDS,INDPRO_GROWTH,5,0.0821768445888614
FEDFUNDS,INDPRO_GROWTH,6,0.09160818920698144
FEDFUNDS,INDPRO_GROWTH,7,0.10321967987645435
FEDFUNDS,INDPRO_GROWTH,8,0.11435544111281339
FEDFUNDS,INDPRO_GROWTH,9,0.12292150714448605
FEDFUNDS,INDPRO_GROWTH,10,0.1298240413384292
FEDFUNDS,INDPRO_GROWTH,11,0.13598219358076805
FEDFUNDS,INDPRO_GROWTH,12,0.1416039847344193
FEDFUNDS,INDPRO_GROWTH,13,0.14581919548136038
FEDFUNDS,INDPRO_GROWTH,14,0.1489548220878466
FEDFUNDS,INDPRO_GROWTH,15,0.1514342548202362
FEDFUNDS,INDPRO_GROWTH,16,0.1533802228477761
FEDFUNDS,INDPRO_GROWTH,17,0.15466147292547316
FEDFUNDS,INDPRO_GROWTH,18,0.155270338107899
FEDFUNDS,INDPRO_GROWTH,19,0.15531830815040845
FEDFUNDS,INDPRO_GROWTH,20,0.1548964004010547
FEDFUNDS,INDPRO_GROWTH,21,0.15403709743806604
FEDFUNDS,INDPRO_GROWTH,22,0.1527732177487402
FEDFUNDS,INDPRO_GROWTH,23,0.15116786901474147
FEDFUNDS,INDPRO_GROWTH,24,0.14927714533533265
FEDFUNDS,SENTIMENT_CHANGE,0,0.0
FEDFUNDS,SENTIMENT_CHANGE,1,0.006967070130186971
FEDFUNDS,SENTIMENT_CHANGE,2,0.003704916329718929
FEDFUNDS,SENTIMENT_CHANGE,3,-0.0030962975530087564
FEDFUNDS,SENTIMENT_CHANGE,4,-0.004745029343193997
FEDFUNDS,SENTIMENT_CHANGE,5,-0.003865554589254962
FEDFUNDS,SENTIMENT_CHANGE,6,-0.00023320046564849587
FEDFUNDS,SENTIMENT_CHANGE,7,0.005553490890589594
FEDFUNDS,SENTIMENT_CHANGE,8,0.0084092018878927
FEDFUNDS,SENTIMENT_CHANGE,9,0.008187274187060263
FEDFUNDS,SENTIMENT_CHANGE,10,0.007244255674841978
FEDFUNDS,SENTIMENT_CHANGE,11,0.006771602921191718
FEDFUNDS,SENTIMENT_CHANGE,12,0.006599119831946411
FEDFUNDS,SENTIMENT_CHANGE,13,0.007091542569439538
FEDFUNDS,SENTIMENT_CHANGE,14,0.007957891506308223
FEDFUNDS,SENTIMENT_CHANGE,15,0.008622546973223282
FEDFUNDS,SENTIMENT_CHANGE,16,0.008817356539197366
FEDFUNDS,SENTIMENT_CHANGE,17,0.008649187867370046
FEDFUNDS,SENTIMENT_CHANGE,18,0.008293649059881822
FEDFUNDS,SENTIMENT_CHANGE,19,0.007954926578469627
FEDFUNDS,SENTIMENT_CHANGE,20,0.007721446531253404
FEDFUNDS,SENTIMENT_CHANGE,21,0.007550736615977391
FEDFUNDS,SENTIMENT_CHANGE,22,0.007383228821224878
FEDFUNDS,SENTIMENT_CHANGE,23,0.0071820389199041485
FEDFUNDS,SENTIMENT_CHANGE,24,0.0069152592902404645
UNRATE,INF,0,-0.06659981142496954
UNRATE,INF,1,-0.15800325496124445
UNRATE,INF,2,-0.1720833874992326
UNRATE,INF,3,-0.1765008276284691
UNRATE,INF,4,-0.16884257961248633
UNRATE,INF,5,-0.15975224621030043
UNRATE,INF,6,-0.1555769369435689
UNRATE,INF,7,-0.15882566211655985
UNRATE,INF,8,-0.15770971883244858
UNRATE,INF,9,-0.15470360668632574
UNRATE,INF,10,-0.15563163662075888
UNRATE,INF,11,-0.1503396259890506
UNRATE,INF,12,-0.1399502332662571
UNRATE,INF,13,-0.13023456606310824
UNRATE,INF,14,-0.12355500196109354
UNRATE,INF,15,-0.11889766345932636
UNRATE,INF,16,-0.11531407901460305
UNRATE,INF,17,-0.11175172436677212
UNRATE,INF,18,-0.10743615537690751
UNRATE,INF,19,-0.10254948897111807
UNRATE,INF,20,-0.09755703685569667
UNRATE,INF,21,-0.0928092969929311
UNRATE,INF,22,-0.0885779610556102
UNRATE,INF,23,-0.08488862213894023
UNRATE,INF,24,-0.08146291033421131
UNRATE,FEDFUNDS,0,-0.007606712999798435
UNRATE,FEDFUNDS,1,-0.2545802043391187
UNRATE,FEDFUNDS,2,-0.2036668722614978
UNRATE,FEDFUNDS,3,-0.17148534959151168
UNRATE,FEDFUNDS,4,-0.18553780360487954
UNRATE,FEDFUNDS,5,-0.17656723354312773
UNRATE,FEDFUNDS,6,-0.17879643138809845
UNRATE,FEDFUNDS,7,-0.1870098540076392
UNRATE,FEDFUNDS,8,-0.1909099338762254
UNRATE,FEDFUNDS,9,-0.19632114962309977
UNRATE,FEDFUNDS,10,-0.19525144079515053
UNRATE,FEDFUNDS,11,-0.19132779698407146
UNRATE,FEDFUNDS,12,-0.18869595976686362
UNRATE,FEDFUNDS,13,-0.18349689664808605
UNRATE,FEDFUNDS,14,-0.1782348606330095
UNRATE,FEDFUNDS,15,-0.1736421960553231
UNRATE,FEDFUNDS,16,-0.16900677772784833
UNRATE,FEDFUNDS,17,-0.16467666970194164
UNRATE,FEDFUNDS,18,-0.15982901602902683
UNRATE,FEDFUNDS,19,-0.15411385957097928
UNRATE,FEDFUNDS,20,-0.14814172808680912
UNRATE,FEDFUNDS,21,-0.1421644502217951
UNRATE,FEDFUNDS,22,-0.136249755147633
UNRATE,FEDFUNDS,23,-0.13049683387302147
UNRATE,FEDFUNDS,24,-0.12486968808579336
UNRATE,UNRATE,0,0.5398650561405102
UNRATE,UNRATE,1,0.522261744630949
UNRATE,UNRATE,2,0.40992086146570217
UNRATE,UNRATE,3,0.36894796561293863
UNRATE,UNRATE,4,0.29547346007260417
UNRATE,UNRATE,5,0.25994499426445056
UNRATE,UNRATE,6,0.24838093388432758
UNRATE,UNRATE,7,0.23533309713050946
UNRATE,UNRATE,8,0.23379025768210646
UNRATE,UNRATE,9,0.22722016069210366
UNRATE,UNRATE,10,0.21343283859202344
UNRATE,UNRATE,11,0.2015664390591222
UNRATE,UNRATE,12,0.18956617114507932
UNRATE,UNRATE,13,0.1799709407990346
UNRATE,UNRATE,14,0.17090931850072114
UNRATE,UNRATE,15,0.16151559503482463
UNRATE,UNRATE,16,0.1545183577964181
UNRATE,UNRATE,17,0.1486281368874689
UNRATE,UNRATE,18,0.14231205183091597
UNRATE,UNRATE,19,0.1360635731603505
UNRATE,UNRATE,20,0.1300144775987589
UNRATE,UNRATE,21,0.12421487970025263
UNRATE,UNRATE,22,0.11888863780772704
UNRATE,UNRATE,23,0.11393704706164917
UNRATE,UNRATE,24,0.10928751365652742
UNRATE,INDPRO_GROWTH,0,0.0
UNRATE,INDPRO_GROWTH,1,-0.13195525211579454
UNRATE,INDPRO_GROWTH,2,-0.13655000440856108
UNRATE,INDPRO_GROWTH,3,-0.17828019950342594
UNRATE,INDPRO_GROWTH,4,-0.2112641268099028
UNRATE,INDPRO_GROWTH,5,-0.18569823572897082
UNRATE,INDPRO_GROWTH,6,-0.18651126435351184
UNRATE,INDPRO_GROWTH,7,-0.18745457417125108
UNRATE,INDPRO_GROWTH,8,-0.19100714463869434
UNRATE,INDPRO_GROWTH,9,-0.19362332746600816
UNRATE,INDPRO_GROWTH,10,-0.18913285077230707
UNRATE,INDPRO_GROWTH,11,-0.18539311029126496
UNRATE,INDPRO_GROWTH,12,-0.18296879078342176
UNRATE,INDPRO_GROWTH,13,-0.17772766972124113
UNRATE,INDPRO_GROWTH,14,-0.1714915376620528
UNRATE,INDPRO_GROWTH,15,-0.16571279690338817
UNRATE,INDPRO_GROWTH,16,-0.16036710379101926
UNRATE,INDPRO_GROWTH,17,-0.15554970932308562
UNRATE,INDPRO_GROWTH,18,-0.15039941824831
UNRATE,INDPRO_GROWTH,19,-0.14497163782149788
UNRATE,INDPRO_GROWTH,20,-0.1396481854477689
UNRATE,INDPRO_GROWTH,21,-0.1343382947397731
UNRATE,INDPRO_GROWTH,22,-0.1290364937936903
UNRATE,INDPRO_GROWTH,23,-0.12386709658263903
UNRATE,INDPRO_GROWTH,24,-0.1188906309606885
UNRATE,SENTIMENT_CHANGE,0,0.0
UNRATE,SENTIMENT_CHANGE,1,-0.025385039229464345
UNRATE,SENTIMENT_CHANGE,2,-0.0039202305487608105
UNRATE,SENTIMENT_CHANGE,3,0.030605015723930328
UNRATE,SENTIMENT_CHANGE,4,0.05728513722429429
UNRATE,SENTIMENT_CHANGE,5,0.06931464408494872
UNRATE,SENTIMENT_CHANGE,6,0.04458236962743841
UNRATE,SENTIMENT_CHANGE,7,0.009340275566110662
UNRATE,SENTIMENT_CHANGE,8,-0.0024744512936841477
UNRATE,SENTIMENT_CHANGE,9,-0.001806218141125769
UNRATE,SENTIMENT_CHANGE,10,0.005028124965980895
UNRATE,SENTIMENT_CHANGE,11,0.014794516939496126
UNRATE,SENTIMENT_CHANGE,12,0.01835807819283335
UNRATE,SENTIMENT_CHANGE,13,0.015655185930261287
UNRATE,SENTIMENT_CHANGE,14,0.01098831005344561
UNRATE,SENTIMENT_CHANGE,15,0.006383134426306779
UNRATE,SENTIMENT_CHANGE,16,0.003687996040163119
UNRATE,SENTIMENT_CHANGE,17,0.0037767399056380328
UNRATE,SENTIMENT_CHANGE,18,0.005121738819843337
UNRATE,SENTIMENT_CHANGE,19,0.006073297223033843
UNRATE,SENTIMENT_CHANGE,20,0.006202330094858826
UNRATE,SENTIMENT_CHANGE,21,0.005649205278296548
UNRATE,SENTIMENT_CHANGE,22,0.004704817991212141
UNRATE,SENTIMENT_CHANGE,23,0.0038546763340409564
UNRATE,SENTIMENT_CHANGE,24,0.0034157268389276027
INDPRO_GROWTH,INF,0,0.10254802575139295
INDPRO_GROWTH,INF,1,0.23775387680933052
INDPRO_GROWTH,INF,2,0.019765537301734172
INDPRO_GROWTH,INF,3,-0.04325275025387645
INDPRO_GROWTH,INF,4,0.040710153185942656
INDPRO_GROWTH,INF,5,-0.02495844503450481
INDPRO_GROWTH,INF,6,-0.025789328057461088
INDPRO_GROWTH,INF,7,-0.009069566501812216
INDPRO_GROWTH,INF,8,-0.006000783371387801
INDPRO_GROWTH,INF,9,-0.02195639017419558
INDPRO_GROWTH,INF,10,-0.013999590459703828
INDPRO_GROWTH,INF,11,-0.012675359825420545
INDPRO_GROWTH,INF,12,-0.02263955604844783
INDPRO_GROWTH,INF,13,-0.023585024363324814
INDPRO_GROWTH,INF,14,-0.016655001745385086
INDPRO_GROWTH,INF,15,-0.01198715571526036
INDPRO_GROWTH,INF,16,-0.0113089846566917
INDPRO_GROWTH,INF,17,-0.01121496751347787
INDPRO_GROWTH,INF,18,-0.011777511093492727
INDPRO_GROWTH,INF,19,-0.011890243412911552
INDPRO_GROWTH,INF,20,-0.011212946052701334
INDPRO_GROWTH,INF,21,-0.01046261231471194
INDPRO_GROWTH,INF,22,-0.009551149188427872
INDPRO_GROWTH,INF,23,-0.008462905335351396
INDPRO_GROWTH,INF,24,-0.007786643109578948
INDPRO_GROWTH,FEDFUNDS,0,0.11717009673436182
INDPRO_GROWTH,FEDFUNDS,1,0.3251722758269624
INDPRO_GROWTH,FEDFUNDS,2,-0.025192746522967456
INDPRO_GROWTH,FEDFUNDS,3,-0.07048163240090953
INDPRO_GROWTH,FEDFUNDS,4,0.013847646537499553
INDPRO_GROWTH,FEDFUNDS,5,0.052225456946114454
INDPRO_GROWTH,FEDFUNDS,6,0.05895927333470275
INDPRO_GROWTH,FEDFUNDS,7,0.0033468278127205425
INDPRO_GROWTH,FEDFUNDS,8,0.02322157593692482
INDPRO_GROWTH,FEDFUNDS,9,0.03411991092327155
INDPRO_GROWTH,FEDFUNDS,10,0.01594649834479627
INDPRO_GROWTH,FEDFUNDS,11,0.010737137052656293
INDPRO_GROWTH,FEDFUNDS,12,0.012123694845323458
INDPRO_GROWTH,FEDFUNDS,13,0.009621667923620479
INDPRO_GROWTH,FEDFUNDS,14,0.008724536811652663
INDPRO_GROWTH,FEDFUNDS,15,0.007426220571997047
INDPRO_GROWTH,FEDFUNDS,16,0.006251331056503385
INDPRO_GROWTH,FEDFUNDS,17,0.006428755922572655
INDPRO_GROWTH,FEDFUNDS,18,0.004992835634478917
INDPRO_GROWTH,FEDFUNDS,19,0.0029108579241214
INDPRO_GROWTH,FEDFUNDS,20,0.0018245592467857853
INDPRO_GROWTH,FEDFUNDS,21,0.0014420492843681217
INDPRO_GROWTH,FEDFUNDS,22,0.001131829375308196
INDPRO_GROWTH,FEDFUNDS,23,0.000737745749485059
INDPRO_GROWTH,FEDFUNDS,24,0.00037196332257387614
INDPRO_GROWTH,UNRATE,0,-0.7127169401065117
INDPRO_GROWTH,UNRATE,1,0.00013122298996005394
INDPRO_GROWTH,UNRATE,2,0.34910560055298895
INDPRO_GROWTH,UNRATE,3,0.23283744578540225
INDPRO_GROWTH,UNRATE,4,0.09281501515742062
INDPRO_GROWTH,UNRATE,5,-0.0022404622979326438
INDPRO_GROWTH,UNRATE,6,0.07161801979060439
INDPRO_GROWTH,UNRATE,7,0.05579788219852803
INDPRO_GROWTH,UNRATE,8,0.03160700138139362
INDPRO_GROWTH,UNRATE,9,0.04163940062529514
INDPRO_GROWTH,UNRATE,10,0.0419861889013896
INDPRO_GROWTH,UNRATE,11,0.04485127430580883
INDPRO_GROWTH,UNRATE,12,0.043323081706938
INDPRO_GROWTH,UNRATE,13,0.03186191668564846
INDPRO_GROWTH,UNRATE,14,0.03017155855492593
INDPRO_GROWTH,UNRATE,15,0.03275996397099829
INDPRO_GROWTH,UNRATE,16,0.02792062524291678
INDPRO_GROWTH,UNRATE,17,0.023837851805812466
INDPRO_GROWTH,UNRATE,18,0.023286889743403403
INDPRO_GROWTH,UNRATE,19,0.022748012443528098
INDPRO_GROWTH,UNRATE,20,0.021461801488620594
INDPRO_GROWTH,UNRATE,21,0.019870140016704153
INDPRO_GROWTH,UNRATE,22,0.018262357405878865
INDPRO_GROWTH,UNRATE,23,0.016954306631032152
INDPRO_GROWTH,UNRATE,24,0.015920501700194763
INDPRO_GROWTH,INDPRO_GROWTH,0,0.6382395410032858
INDPRO_GROWTH,INDPRO_GROWTH,1,0.11613439267627414
INDPRO_GROWTH,INDPRO_GROWTH,2,0.04959322197053324
INDPRO_GROWTH,INDPRO_GROWTH,3,0.07660020022452452
INDPRO_GROWTH,INDPRO_GROWTH,4,0.08792199134139263
INDPRO_GROWTH,INDPRO_GROWTH,5,0.010569296823484547
INDPRO_GROWTH,INDPRO_GROWTH,6,0.0023469286432387013
INDPRO_GROWTH,INDPRO_GROWTH,7,-0.000334616759160173
INDPRO_GROWTH,INDPRO_GROWTH,8,0.018474541077400725
INDPRO_GROWTH,INDPRO_GROWTH,9,0.012980698263852052
INDPRO_GROWTH,INDPRO_GROWTH,10,-0.011709917851990652
INDPRO_GROWTH,INDPRO_GROWTH,11,-0.008664844835792147
INDPRO_GROWTH,INDPRO_GROWTH,12,-0.005314436504555231
INDPRO_GROWTH,INDPRO_GROWTH,13,-0.007286578149610608
INDPRO_GROWTH,INDPRO_GROWTH,14,-0.010521950067296702
INDPRO_GROWTH,INDPRO_GROWTH,15,-0.011743422841202862
INDPRO_GROWTH,INDPRO_GROWTH,16,-0.010002759783006517
INDPRO_GROWTH,INDPRO_GROWTH,17,-0.008473893746632582
INDPRO_GROWTH,INDPRO_GROWTH,18,-0.009194596831144443
INDPRO_GROWTH,INDPRO_GROWTH,19,-0.009962246318640917
INDPRO_GROWTH,INDPRO_GROWTH,20,-0.009596668805647884
INDPRO_GROWTH,INDPRO_GROWTH,21,-0.009062780023334605
INDPRO_GROWTH,INDPRO_GROWTH,22,-0.008811481219759677
INDPRO_GROWTH,INDPRO_GROWTH,23,-0.008641710665036186
INDPRO_GROWTH,INDPRO_GROWTH,24,-0.008242929803362834
INDPRO_GROWTH,SENTIMENT_CHANGE,0,0.0
INDPRO_GROWTH,SENTIMENT_CHANGE,1,0.12152611040435049
INDPRO_GROWTH,SENTIMENT_CHANGE,2,-0.04406528909962378
INDPRO_GROWTH,SENTIMENT_CHANGE,3,-0.003296639097782041
INDPRO_GROWTH,SENTIMENT_CHANGE,4,-0.008437210965916053
INDPRO_GROWTH,SENTIMENT_CHANGE,5,-0.027777825326978586
INDPRO_GROWTH,SENTIMENT_CHANGE,6,0.04096432856582569
INDPRO_GROWTH,SENTIMENT_CHANGE,7,0.06481872339741024
INDPRO_GROWTH,SENTIMENT_CHANGE,8,0.018328234636019576
INDPRO_GROWTH,SENTIMENT_CHANGE,9,-0.005480011155455836
INDPRO_GROWTH,SENTIMENT_CHANGE,10,-0.005629245853459652
INDPRO_GROWTH,SENTIMENT_CHANGE,11,-0.007109807981154824
INDPRO_GROWTH,SENTIMENT_CHANGE,12,-0.00024216999902112348
INDPRO_GROWTH,SENTIMENT_CHANGE,13,0.008237464030977412
INDPRO_GROWTH,SENTIMENT_CHANGE,14,0.009131206061251413
INDPRO_GROWTH,SENTIMENT_CHANGE,15,0.006881014198831424
INDPRO_GROWTH,SENTIMENT_CHANGE,16,0.004884829748304423
INDPRO_GROWTH,SENTIMENT_CHANGE,17,0.0015707703196310885
INDPRO_GROWTH,SENTIMENT_CHANGE,18,-0.0007234698262778632
INDPRO_GROWTH,SENTIMENT_CHANGE,19,0.00019775453393216624
INDPRO_GROWTH,SENTIMENT_CHANGE,20,0.0017105743448719074
INDPRO_GROWTH,SENTIMENT_CHANGE,21,0.002163102727486265
INDPRO_GROWTH,SENTIMENT_CHANGE,22,0.002281266459507044
INDPRO_GROWTH,SENTIMENT_CHANGE,23,0.0020706248885494615
INDPRO_GROWTH,SENTIMENT_CHANGE,24,0.0014089839745831543
SENTIMENT_CHANGE,INF,0,-0.3848606205642775
SENTIMENT_CHANGE,INF,1,-0.5580971754234094
SENTIMENT_CHANGE,INF,2,0.20047780063767848
SENTIMENT_CHANGE,INF,3,-0.02883623771119598
SENTIMENT_CHANGE,INF,4,-0.0009581735865251457
SENTIMENT_CHANGE,INF,5,-0.5636626353292025
SENTIMENT_CHANGE,INF,6,-0.22346546418924232
SENTIMENT_CHANGE,INF,7,0.020637196152220948
SENTIMENT_CHANGE,INF,8,0.036812793726121125
SENTIMENT_CHANGE,INF,9,-0.0021395353921668573
SENTIMENT_CHANGE,INF,10,0.051764770717210334
SENTIMENT_CHANGE,INF,11,-0.033017252574982836
SENTIMENT_CHANGE,INF,12,-0.0836978975470893
SENTIMENT_CHANGE,INF,13,-0.052806918651614985
SENTIMENT_CHANGE,INF,14,-0.02792013833572076
SENTIMENT_CHANGE,INF,15,-0.02756126704450082
SENTIMENT_CHANGE,INF,16,-0.006757733836167131
SENTIMENT_CHANGE,INF,17,-0.0016953674108309937
SENTIMENT_CHANGE,INF,18,-0.014975438703588966
SENTIMENT_CHANGE,INF,19,-0.02193379628806216
SENTIMENT_CHANGE,INF,20,-0.021041249345671063
SENTIMENT_CHANGE,INF,21,-0.021955965622107564
SENTIMENT_CHANGE,INF,22,-0.019405709315834845
SENTIMENT_CHANGE,INF,23,-0.01500360025653672
SENTIMENT_CHANGE,INF,24,-0.013516013957064775
SENTIMENT_CHANGE,FEDFUNDS,0,0.9068956085084316
SENTIMENT_CHANGE,FEDFUNDS,1,0.14240031857554764
SENTIMENT_CHANGE,FEDFUNDS,2,0.030317509383536726
SENTIMENT_CHANGE,FEDFUNDS,3,-0.027640255849022247
SENTIMENT_CHANGE,FEDFUNDS,4,0.2575343130228216
SENTIMENT_CHANGE,FEDFUNDS,5,0.060105743091058775
SENTIMENT_CHANGE,FEDFUNDS,6,-0.12401079497233151
SENTIMENT_CHANGE,FEDFUNDS,7,0.02728780725049254
SENTIMENT_CHANGE,FEDFUNDS,8,0.11020930565441948
SENTIMENT_CHANGE,FEDFUNDS,9,0.03224092227730494
SENTIMENT_CHANGE,FEDFUNDS,10,0.03786481296552978
SENTIMENT_CHANGE,FEDFUNDS,11,0.040694319609282534
SENTIMENT_CHANGE,FEDFUNDS,12,-0.01967301845789041
SENTIMENT_CHANGE,FEDFUNDS,13,-0.037825552650316015
SENTIMENT_CHANGE,FEDFUNDS,14,-0.02017018414098753
SENTIMENT_CHANGE,FEDFUNDS,15,-0.018780480037063542
SENTIMENT_CHANGE,FEDFUNDS,16,-0.023798528979989617
SENTIMENT_CHANGE,FEDFUNDS,17,-0.022582230745524293
SENTIMENT_CHANGE,FEDFUNDS,18,-0.026428261123253173
SENTIMENT_CHANGE,FEDFUNDS,19,-0.034389865871133886
SENTIMENT_CHANGE,FEDFUNDS,20,-0.03830209942546057
SENTIMENT_CHANGE,FEDFUNDS,21,-0.039942935583775305
SENTIMENT_CHANGE,FEDFUNDS,22,-0.04096632042048938
SENTIMENT_CHANGE,FEDFUNDS,23,-0.04019079745794076
SENTIMENT_CHANGE,FEDFUNDS,24,-0.03939644375014536
SENTIMENT_CHANGE,UNRATE,0,-1.023159367224374
SENTIMENT_CHANGE,UNRATE,1,-0.006617600753226835
SENTIMENT_CHANGE,UNRATE,2,0.3918397967836817
SENTIMENT_CHANGE,UNRATE,3,-0.08770158451687894
SENTIMENT_CHANGE,UNRATE,4,-0.04465584189924583
SENTIMENT_CHANGE,UNRATE,5,0.43471888923659185
SENTIMENT_CHANGE,UNRATE,6,0.001000325294317331
SENTIMENT_CHANGE,UNRATE,7,-0.011672753221615338
SENTIMENT_CHANGE,UNRATE,8,0.15463398004114473
SENTIMENT_CHANGE,UNRATE,9,0.03909305293709043
SENTIMENT_CHANGE,UNRATE,10,-0.07027505391939592
SENTIMENT_CHANGE,UNRATE,11,0.05101967178056543
SENTIMENT_CHANGE,UNRATE,12,0.06438768076693276
SENTIMENT_CHANGE,UNRATE,13,0.02988352493940983
SENTIMENT_CHANGE,UNRATE,14,0.037195741127127785
SENTIMENT_CHANGE,UNRATE,15,0.036517839671396345
SENTIMENT_CHANGE,UNRATE,16,0.013209093226162726
SENTIMENT_CHANGE,UNRATE,17,0.013600154750408393
SENTIMENT_CHANGE,UNRATE,18,0.017670603192636088
SENTIMENT_CHANGE,UNRATE,19,0.013573294449964869
SENTIMENT_CHANGE,UNRATE,20,0.01475266723529885
SENTIMENT_CHANGE,UNRATE,21,0.018366874773612957
SENTIMENT_CHANGE,UNRATE,22,0.014963875289873679
SENTIMENT_CHANGE,UNRATE,23,0.011663375492645619
SENTIMENT_CHANGE,UNRATE,24,0.011425487346020903
SENTIMENT_CHANGE,INDPRO_GROWTH,0,-0.11742629141663893
SENTIMENT_CHANGE,INDPRO_GROWTH,1,0.5234031390906151
SENTIMENT_CHANGE,INDPRO_GROWTH,2,0.05758814831112475
SENTIMENT_CHANGE,INDPRO_GROWTH,3,-0.09326254973768253
SENTIMENT_CHANGE,INDPRO_GROWTH,4,-0.056695863758428826
SENTIMENT_CHANGE,INDPRO_GROWTH,5,0.1632829873128212
SENTIMENT_CHANGE,INDPRO_GROWTH,6,-0.10090057791670283
SENTIMENT_CHANGE,INDPRO_GROWTH,7,-0.04559743635743122
SENTIMENT_CHANGE,INDPRO_GROWTH,8,-0.0307454221541885
SENTIMENT_CHANGE,INDPRO_GROWTH,9,0.012231964207040851
SENTIMENT_CHANGE,INDPRO_GROWTH,10,0.008726093527184293
SENTIMENT_CHANGE,INDPRO_GROWTH,11,0.0065826515815504425
SENTIMENT_CHANGE,INDPRO_GROWTH,12,-0.022229516921800845
SENTIMENT_CHANGE,INDPRO_GROWTH,13,-0.020500828281571824
SENTIMENT_CHANGE,INDPRO_GROWTH,14,-0.019216240011744243
SENTIMENT_CHANGE,INDPRO_GROWTH,15,-0.02068148180240159
SENTIMENT_CHANGE,INDPRO_GROWTH,16,-0.02173500939293169
SENTIMENT_CHANGE,INDPRO_GROWTH,17,-0.017155495100170302
SENTIMENT_CHANGE,INDPRO_GROWTH,18,-0.01666844003728282
SENTIMENT_CHANGE,INDPRO_GROWTH,19,-0.019200382291828542
SENTIMENT_CHANGE,INDPRO_GROWTH,20,-0.02165803760275501
SENTIMENT_CHANGE,INDPRO_GROWTH,21,-0.022648398419877713
SENTIMENT_CHANGE,INDPRO_GROWTH,22,-0.023230495437773436
SENTIMENT_CHANGE,INDPRO_GROWTH,23,-0.022863493135706642
SENTIMENT_CHANGE,INDPRO_GROWTH,24,-0.02254525928914689
SENTIMENT_CHANGE,SENTIMENT_CHANGE,0,3.608686492268078
SENTIMENT_CHANGE,SENTIMENT_CHANGE,1,-0.5210775611686908
SENTIMENT_CHANGE,SENTIMENT_CHANGE,2,-0.8379619657755956
SENTIMENT_CHANGE,SENTIMENT_CHANGE,3,-0.33136504997881
SENTIMENT_CHANGE,SENTIMENT_CHANGE,4,-0.1818587502510165
SENTIMENT_CHANGE,SENTIMENT_CHANGE,5,-0.3195363344553042
SENTIMENT_CHANGE,SENTIMENT_CHANGE,6,0.3916373652969187
SENTIMENT_CHANGE,SENTIMENT_CHANGE,7,0.27742509635022244
SENTIMENT_CHANGE,SENTIMENT_CHANGE,8,0.07458448180671051
SENTIMENT_CHANGE,SENTIMENT_CHANGE,9,0.021278791524469935
SENTIMENT_CHANGE,SENTIMENT_CHANGE,10,-0.02575005273950164
SENTIMENT_CHANGE,SENTIMENT_CHANGE,11,-0.12999675782325498
SENTIMENT_CHANGE,SENTIMENT_CHANGE,12,-0.044519331901683674
SENTIMENT_CHANGE,SENTIMENT_CHANGE,13,0.026630595390963588
SENTIMENT_CHANGE,SENTIMENT_CHANGE,14,0.028412922978185
SENTIMENT_CHANGE,SENTIMENT_CHANGE,15,0.029409502886571175
SENTIMENT_CHANGE,SENTIMENT_CHANGE,16,0.030619034062761175
SENTIMENT_CHANGE,SENTIMENT_CHANGE,17,-0.00048379284265569433
SENTIMENT_CHANGE,SENTIMENT_CHANGE,18,-0.015209759823032817
SENTIMENT_CHANGE,SENTIMENT_CHANGE,19,-0.009570686691029315
SENTIMENT_CHANGE,SENTIMENT_CHANGE,20,-0.004724415795882231
SENTIMENT_CHANGE,SENTIMENT_CHANGE,21,-0.00010029131905940304
SENTIMENT_CHANGE,SENTIMENT_CHANGE,22,0.006685387695239508
SENTIMENT_CHANGE,SENTIMENT_CHANGE,23,0.006333817155658745
SENTIMENT_CHANGE,SENTIMENT_CHANGE,24,0.0020831482294407593
