date,FEDFUNDS,INF,UNRATE,INDPRO_GROWTH,M2_GROWTH,SENTIMENT_CHANGE
1995-02-01,5.92,0.26542815848733525,5.4,-0.11286873050115886,-0.07160964458208241,-2.5
1995-03-01,5.98,0.1986097971629519,5.4,0.16603011582869698,0.034379029131059724,-4.799999999999997
1995-04-01,6.05,0.3960401216096976,5.8,-0.17277257902161836,0.23174981403624173,2.200000000000003
1995-05-01,6.01,0.19743343037168515,5.6,0.4898906985118856,0.7119089212126894,-2.700000000000003
1995-06-01,6.0,0.19704439872993973,5.6,0.3308851432203497,0.6984236163633639,2.9000000000000057
1995-07-01,5.85,0.13114755978103076,5.7,-0.41898927401060604,0.5199342825939368,1.7000000000000028
1995-08-01,5.74,0.19639940846598591,5.7,1.3169322992450994,0.603657302340288,1.7999999999999972
1995-09-01,5.8,0.13071897286218714,5.6,0.4025176187479218,0.3643396557174938,-7.299999999999997
1995-10-01,5.76,0.2609264363613306,5.5,-0.17591074109057914,0.3132148635044629,1.2999999999999972
1995-11-01,5.8,0.13020835172987688,5.6,0.26320058946325275,0.1797243789040337,-2.0
1995-12-01,5.6,0.13003903002832828,5.6,0.3464824423083712,0.26484965960289486,2.799999999999997
1996-01-01,5.56,0.5184716734186523,5.6,-0.5740078791367509,0.505676181290049,-1.7000000000000028
1996-02-01,5.22,0.1937359340226763,5.5,1.4529159926465418,0.3803170240708198,-0.7999999999999972
1996-03-01,5.31,0.32206147000417573,5.5,-0.12250426290405514,0.6831166766152919,5.200000000000003
1996-04-01,5.22,0.38510959020978675,5.6,0.9901218260520928,0.29250081792113747,-1.0
1996-05-01,5.24,0.19200005898243333,5.6,0.7445583622923913,0.3213049353382402,-3.299999999999997
1996-06-01,5.27,0.19163212507642413,5.3,0.7593378241184112,0.3471431480912557,3.0
1996-07-01,5.4,0.1912655986332723,5.5,0.015374603570972312,0.39144240019926,2.299999999999997
1996-08-01,5.22,0.12730746467983778,5.1,0.5105235284575294,0.1844649037327173,0.5999999999999943
1996-09-01,5.3,0.31756139738865485,5.2,0.6239632118214544,0.25075372596887746,-0.5999999999999943
1996-10-01,5.24,0.31655613645611425,5.2,0.029609405001806977,0.515533548587932,1.7999999999999972
1996-11-01,5.31,0.31555721988096863,5.4,0.9144785172068737,0.5893329600644037,2.700000000000003
1996-12-01,5.29,0.25173078113773784,5.4,0.6386648092456149,0.6173102335669256,-2.299999999999997
1997-01-01,5.25,0.18838310123738822,5.3,0.15838703738682014,0.418126360492721,0.5
1997-02-01,5.19,0.188028886485192,5.2,1.1867816799596476,0.30465203424725473,2.299999999999997
1997-03-01,5.39,0.06259781112074592,5.2,0.6326080160110159,0.38663687476958586,0.29999999999999716
1997-04-01,5.51,0.06255865077342548,5.1,0.11715145153683437,0.4083642696468104,1.4000000000000057
1997-05-01,5.5,0.0,4.9,0.5524360977567255,0.31418222645740457,1.7999999999999972
1997-06-01,5.56,0.18744147943507983,5.0,0.4585436547763777,0.4310351501121801,1.2999999999999972
1997-07-01,5.52,0.12476607981550814,4.9,0.8505942659710719,0.4572224724105567,2.5999999999999943
1997-08-01,5.54,0.24906613124517918,4.8,0.9954946093585271,0.850118679760925,-2.6999999999999886
1997-09-01,5.54,0.24844733276614406,4.9,0.9117575456573768,0.3959402436306547,1.5999999999999943
1997-10-01,5.5,0.18593125901835705,4.7,0.8827849981996039,0.4820859513667841,-0.4000000000000057
1997-11-01,5.52,0.12376239203497619,4.6,0.7844288895028306,0.5620027031332242,1.6000000000000085
1997-12-01,5.5,0.061823804133087634,4.7,0.424944358291679,0.4498187188671565,-5.1000000000000085
1998-01-01,5.56,0.1235330607991969,4.6,0.43737842759465906,0.5760854591715159,4.5
1998-02-01,5.51,0.0,4.6,0.1617489618268131,0.8029410488383348,3.8000000000000114
1998-03-01,5.49,0.0,4.7,0.03515910121256738,0.619272507650237,-3.9000000000000057
1998-04-01,5.45,0.1233806448929009,4.3,0.34253831806134727,0.6275385546334888,2.200000000000003
1998-05-01,5.49,0.2463055432397887,4.4,0.6569712533411654,0.5828111769345057,-2.200000000000003
1998-06-01,5.56,0.12292564547298213,4.5,-0.6016655286145145,0.47194194321598104,-0.9000000000000057
1998-07-01,5.54,0.24539889615660115,4.5,-0.3852986693513749,0.46972510931215794,-0.3999999999999915
1998-08-01,5.55,0.12247398958962208,4.5,2.0491901058277584,0.5905739074130167,-0.7999999999999972
1998-09-01,5.51,0.061180791140547086,4.6,-0.05323279149607174,0.9180423216930578,-3.5
1998-10-01,5.07,0.24434954124759045,4.5,0.6812999094851335,0.9375505962252006,-3.5
1998-11-01,4.83,0.12195123462612756,4.4,-0.07584271645324492,0.8943383892409784,5.299999999999997
1998-12-01,4.68,0.1826484526034733,4.4,0.45201495934508173,0.6649722974033878,-2.200000000000003
1999-01-01,4.63,0.1823154561514606,4.3,0.43112451049784895,0.6242473510118529,3.4000000000000057
1999-02-01,4.76,0.0,4.4,0.6063079650347802,0.5164926306012063,4.199999999999989
1999-03-01,4.81,0.060698029177697066,4.2,0.22660526894453525,0.15352662638061787,-2.3999999999999915
1999-04-01,4.74,0.6652579721027507,4.3,0.22959860915063857,0.647629877710898,-1.1000000000000085
1999-05-01,4.74,0.060259116014460545,4.2,0.6302647258385363,0.552110930280314,2.200000000000003
1999-06-01,4.76,0.0,4.3,-0.07846779120086467,0.48698687541826047,0.5
1999-07-01,4.99,0.42080014002046084,4.3,0.5769502318011099,0.605968636651788,-1.2999999999999972
1999-08-01,5.07,0.2396645844600087,4.2,0.4007243163624885,0.38071810161461883,-1.5
1999-09-01,5.22,0.41803584317579023,4.2,-0.4045261045452442,0.35301248083214887,2.700000000000003
1999-10-01,5.2,0.17862463814637408,4.1,1.2148883898799312,0.5217498055491987,-4.0
1999-11-01,5.42,0.1783061393656027,4.1,0.48356761014245464,0.4150149908078049,4.0
1999-12-01,5.3,0.23724803536309125,4.0,0.7683533835146861,0.5945256456286074,-1.7999999999999972
2000-01-01,5.45,0.29577069772326325,4.0,-0.13689853853140477,0.6081528161443472,6.599999999999994
2000-02-01,5.73,0.4126147911172495,4.1,0.31184257109906355,0.28453781832933345,-0.7000000000000028
2000-03-01,5.85,0.5865119452398204,4.0,0.354941252967933,0.6558377956734418,-4.200000000000003
2000-04-01,6.02,-0.05849663811146044,3.8,0.5934581411047191,1.1836205484708984,2.1000000000000085
2000-05-01,6.27,0.17538735860958,4.0,0.27040320534066353,-0.25410839525203954,1.5
2000-06-01,6.53,0.582412828598855,4.0,0.039045672638238216,0.37568386037030166,-4.299999999999997
2000-07-01,6.54,0.289939315900245,4.0,-0.19527324535886237,0.3701036122501833,1.8999999999999915
2000-08-01,6.5,0.0,4.1,-0.272663339275514,0.5868414893649643,-1.0
2000-09-01,6.52,0.519781707361755,3.9,0.46040830248808007,0.7380107297622729,-0.5
2000-10-01,6.51,0.1726619133987306,3.9,-0.3893384717707171,0.3310546384470925,-1.0
2000-11-01,6.51,0.17236430581650808,3.9,0.027960447484520756,0.2337503627378723,1.7999999999999972
2000-12-01,6.4,0.2293578987099032,3.9,-0.32683707203071677,0.9153708554324069,-9.199999999999989
2001-01-01,5.98,0.5711037795514962,4.2,-0.47708693509234124,1.023641319057944,-3.700000000000003
2001-02-01,5.49,0.22753138371349735,4.2,-0.6534765134370346,0.7743678205853755,-4.1000000000000085
2001-03-01,5.31,0.05680204640086117,4.3,-0.20524117552422894,1.1454969782191071,0.9000000000000057
2001-04-01,4.8,0.17021280705309394,4.4,-0.3596380672338917,1.2590851575184914,-3.0999999999999943
2001-05-01,4.21,0.5089069507471677,4.3,-0.47873447856305873,-0.036978290272848824,3.5999999999999943
2001-06-01,3.97,0.2253522080443382,4.5,-0.5294243917338015,0.8316177147593251,0.5999999999999943
2001-07-01,3.77,-0.1689665285127262,4.6,-0.6424803271452895,0.5755494660919069,-0.19999999999998863
2001-08-01,3.65,0.0,4.9,-0.11484395650906976,0.6466570583549824,-0.9000000000000057
2001-09-01,3.07,0.39381204201376363,5.0,-0.5077876004763837,2.1002951512848256,-9.700000000000003
2001-10-01,2.49,-0.2811359737546759,5.3,-0.27452194543418074,-0.21123674773679824,0.9000000000000057
2001-11-01,2.09,-0.05632216425990322,5.5,-0.6065460085318719,0.8144445045561,1.2000000000000028
2001-12-01,1.82,-0.056353903999184496,5.7,-0.04275098074009165,0.9789512979063275,4.8999999999999915
2002-01-01,1.73,0.1689665285127262,5.7,0.6633064841170544,0.37426429288949237,4.200000000000003
2002-02-01,1.74,0.1686815131479058,5.7,0.011522468260949381,0.5351073392558803,-2.299999999999997
2002-03-01,1.73,0.2805050927608299,5.7,0.7212332694923163,0.21469777719982375,5.0
2002-04-01,1.75,0.447177939139376,5.9,0.4871002165678817,0.001817504384860058,-2.700000000000003
2002-05-01,1.75,0.11148273172461032,5.8,0.40096284673607485,0.4750516621728096,3.9000000000000057
2002-06-01,1.75,0.05569479397662391,5.8,0.8215019236447851,0.45119914836533326,-4.5
2002-07-01,1.73,0.22246950221109785,5.8,-0.03219706394999022,0.7659711151623227,-4.300000000000011
2002-08-01,1.74,0.2773926882725597,5.7,-0.11111535235635017,0.7530544831347186,-0.5
2002-09-01,1.75,0.16606701851404893,5.7,0.08486486965990636,0.42475684625014054,-1.5
2002-10-01,1.75,0.22099456508026805,5.7,-0.20848363369347922,0.788084364495667,-5.5
2002-11-01,1.34,0.16542600960258724,5.9,0.558657591731837,0.8896545438505044,3.6000000000000085
2002-12-01,1.24,0.16515280384732378,6.0,-0.5576627290919234,0.369231188712682,2.5
2003-01-01,1.24,0.43907864174901334,5.8,0.848540572389922,0.5642080273489114,-4.299999999999997
2003-02-01,1.26,0.5461510025521754,5.9,0.11874209279270076,0.6191970247920509,-2.5
2003-03-01,1.25,0.16326534238855217,5.9,-0.2631971347628159,0.344810269426965,-2.3000000000000114
2003-04-01,1.26,-0.38136793702454597,6.0,-0.5974715309085887,0.6302095786413275,8.400000000000006
2003-05-01,1.26,-0.16388968432101692,6.1,-0.027277943080949996,1.0075227593484115,6.099999999999994
2003-06-01,1.22,0.10928962836445066,6.3,0.12771147115513415,0.6166721025678612,-2.3999999999999915
2003-07-01,1.01,0.3271540540615625,6.2,0.5125135550598792,0.7783431957328446,1.2000000000000028
2003-08-01,1.03,0.43454712595014655,6.1,-0.2184157819974608,0.9542528112717719,-1.6000000000000085
2003-09-01,1.01,0.32467560988704847,6.1,0.6426751702139022,-0.4496676103523001,-1.5999999999999943
2003-10-01,1.01,-0.10810811863732894,6.0,0.12308567584176089,-0.15967475840437118,1.8999999999999915
2003-11-01,1.0,0.05406866852455394,5.8,0.6682592049196856,0.09056852951214722,4.1000000000000085
2003-12-01,0.98,0.269905696916517,5.7,0.02959460294098548,-0.02798515159039283,-1.1000000000000085
2004-01-01,1.0,0.43033955600533247,5.7,0.1520626219034149,0.1365592229262802,11.200000000000003
2004-02-01,1.01,0.2144772940133599,5.6,0.601430610916065,0.6506139847289205,-9.399999999999991
2004-03-01,1.0,0.21401827323677125,5.8,-0.4008755848768253,0.5879639404628989,1.3999999999999915
2004-04-01,1.0,0.160213652427732,5.6,0.37074991758068165,0.6636046623725633,-1.5999999999999943
2004-05-01,1.0,0.4259857346958107,5.6,0.7197750706737338,1.2313175625516593,-4.0
2004-06-01,1.03,0.3712547356184537,5.6,-0.7832838806188569,0.03504970721568412,5.3999999999999915
2004-07-01,1.26,0.10582011569475469,5.5,0.7443879683666665,0.21004065324028431,1.1000000000000085
2004-08-01,1.43,0.05286809533657788,5.4,0.06709667193680602,0.4235110106025175,-0.7999999999999972
2004-09-01,1.61,0.31662295580501265,5.4,0.12701843581544026,0.5430163303620006,-1.7000000000000028
2004-10-01,1.76,0.5254872838358793,5.5,0.8495312737233363,0.43355393077053606,-2.5
2004-11-01,1.93,0.47058910374122576,5.4,0.24803554509942316,0.4145132283314368,1.0999999999999943
2004-12-01,2.16,0.0,5.4,0.7936241000935595,0.28369255551261574,4.299999999999997
2005-01-01,2.28,-0.052178451483886334,5.3,0.35900791158702816,0.09801405652698492,-1.5999999999999943
2005-02-01,2.5,0.4166672694846163,5.4,0.7232846062771081,0.1258770766922268,-1.4000000000000057
2005-03-01,2.63,0.36316512028626846,5.2,-0.1352179779617657,0.14588121030243428,-1.5
2005-04-01,2.79,0.3102380978481811,5.2,0.21501954438223336,0.2091386576498877,-4.8999999999999915
2005-05-01,3.0,-0.05163955704734491,5.1,0.08997205268519437,0.26582607147069837,-0.7999999999999972
2005-06-01,3.04,0.05163955704734491,5.0,0.44875291574637544,0.5034381375150332,9.099999999999994
2005-07-01,3.26,0.6176036100564275,5.0,-0.3171466288216962,0.48716316704275897,0.5
2005-08-01,3.5,0.6138126688785661,4.9,0.3253788346562203,0.5000086637855006,-7.400000000000006
2005-09-01,3.62,1.3674561020173392,5.0,-1.9563828769546099,0.5126505190945707,-12.199999999999989
2005-10-01,3.78,0.15079168476770377,5.0,1.2064329407210472,0.5100358121586268,-2.700000000000003
2005-11-01,4.0,-0.5035257365645585,5.0,1.117751662149491,0.25254436704624794,7.3999999999999915
2005-12-01,4.16,0.0,4.9,0.5151693564231508,0.40603868947890476,9.900000000000006
2006-01-01,4.29,0.6039273514243604,4.7,0.15766002009156566,0.6305031358218471,-0.29999999999999716
2006-02-01,4.49,0.05016303089888652,4.8,0.04215001803382634,0.3648556491681276,-4.5
2006-03-01,4.59,0.1503382894031624,4.7,0.22521146597460628,0.2159125358161873,2.200000000000003
2006-04-01,4.79,0.4995015380522716,4.7,0.30320784432706915,0.5539119361293032,-1.5
2006-05-01,4.94,0.298507684345406,4.6,0.025411455641144443,0.09984876679371979,-8.300000000000011
2006-06-01,4.99,0.24807752737627808,4.6,0.31614092164247154,0.5576100211465373,5.800000000000011
2006-07-01,5.24,0.5436138912259914,4.7,-0.051274650553168044,0.6082053465625847,-0.20000000000000284
2006-08-01,5.25,0.4425873956855675,4.7,0.4379138878333855,0.45590474589332075,-2.700000000000003
2006-09-01,5.25,-0.4918849071596121,4.5,-0.16629623569395235,0.3934431304834618,3.4000000000000057
2006-10-01,5.25,-0.44477463982364185,4.4,-0.11474759561265202,0.7066053005960526,8.199999999999989
2006-11-01,5.25,0.049517208241312005,4.5,-0.04204326283367976,0.5057387069605568,-1.5
2006-12-01,5.24,0.543077118513402,4.4,1.0141747096689357,0.6077668116912349,-0.3999999999999915
2007-01-01,5.25,0.16579060562325054,4.6,-0.33888659943164257,0.5380900970601843,5.200000000000003
2007-02-01,5.26,0.38708491335395223,4.5,0.9378469307674386,0.22452053269237382,-5.6000000000000085
2007-03-01,5.26,0.5186647493199636,4.4,0.17786154493029116,0.4740438871904118,-2.8999999999999915
2007-04-01,5.25,0.2996169481998656,4.5,0.6700319901752572,1.00633097376992,-1.3000000000000114
2007-05-01,5.25,0.41244766569237257,4.4,0.0955921474810495,0.19178636193242227,1.2000000000000028
2007-06-01,5.25,0.23140721794590036,4.6,0.05768477837078123,0.4565966783967923,-3.0
2007-07-01,5.26,0.1779012466680996,4.7,-0.12002567099926864,0.42309993627451803,5.1000000000000085
2007-08-01,5.02,0.03082332001183019,4.6,0.19240393848489745,1.0344333923320903,-7.0
2007-09-01,4.94,0.4228600245438585,4.7,0.2220126784417964,0.24581651784281178,0.0
2007-10-01,4.76,0.30784944010990856,4.7,-0.2824061214514728,0.20348902993010398,-2.5
2007-11-01,4.49,0.7828164082873457,4.7,0.5320711796714228,0.34270311801947173,-4.800000000000011
2007-12-01,4.24,0.28938234029487475,5.0,0.034876070631284506,0.4056909329905878,-0.5999999999999943
2008-01-01,3.94,0.3441775367173605,5.0,-0.13243734009682484,0.4479589396563455,2.9000000000000057
2008-02-01,2.98,0.2414908637454083,4.9,-0.3929670898134674,1.1440788745636254,-7.6000000000000085
2008-03-01,2.61,0.357164189274517,5.1,-0.3050488801082274,0.8642190752981449,-1.2999999999999972
2008-04-01,2.28,0.23117069655080869,5.0,-0.6472955790125745,0.5525773852340876,-6.899999999999999
2008-05-01,1.98,0.5900052068123607,5.4,-0.6076205184033512,0.16453231848014838,-2.8000000000000043
2008-06-01,2.0,1.0423718797166082,5.6,-0.23354873224965544,0.24177242514511477,-3.3999999999999986
2008-07-01,2.01,0.7116065393504734,5.8,-0.3580204065057657,0.6089454997093569,4.800000000000004
2008-08-01,2.0,-0.14895846082954023,6.1,-1.582441580561067,0.18721554484049108,1.7999999999999972
2008-09-01,1.81,0.0854726299673203,6.1,-4.504760056956236,0.8495924353887574,7.299999999999997
2008-10-01,0.97,-0.863561639955801,6.5,0.9892320608246408,1.2936137940194214,-12.699999999999996
2008-11-01,0.39,-1.7864094092818306,6.8,-1.3288653060593347,0.6511749742101003,-2.3000000000000043
2008-12-01,0.16,-0.8267605054081528,7.3,-2.8604196853907915,2.1896301652871486,4.800000000000004
2009-01-01,0.15,0.2527574332266802,7.8,-2.525918032014296,1.0222173807077795,1.1000000000000014
2009-02-01,0.22,0.36360422314452023,8.3,-0.6104174649481209,0.3648782068827572,-4.900000000000006
2009-03-01,0.18,-0.09877705412728588,8.7,-1.5779695625957935,0.8033229478009218,1.0
2009-04-01,0.15,0.1006575752197314,9.0,-0.8325115063071209,0.056027419138082735,7.799999999999997
2009-05-01,0.18,0.14704123326474416,9.4,-1.0150910930024182,0.6900141983344099,3.6000000000000085
2009-06-01,0.21,0.826535985544119,9.5,-0.3775936043751038,0.11946655470627121,2.0999999999999943
2009-07-01,0.16,-0.0298009855155712,9.5,1.1226962849123723,0.049637176900141355,-4.799999999999997
2009-08-01,0.16,0.3342859790879338,9.6,1.090728111774819,-0.005907895904577742,-0.29999999999999716
2009-09-01,0.15,0.1929025466836265,9.8,0.8775750967465079,-0.016543965626247825,7.799999999999997
2009-10-01,0.12,0.2997434998585291,10.0,0.26918316470805337,0.31033388722150335,-2.9000000000000057
2009-11-01,0.12,0.3342996544930976,9.9,0.43287252217618644,0.3422546255022141,-3.1999999999999886
2009-12-01,0.12,0.05200411547976458,9.9,0.40498600148737296,-0.05637375950851009,5.099999999999994
2010-01-01,0.11,0.06485218758465194,9.8,1.084063847904826,-0.4061241963677631,1.9000000000000057
2010-02-01,0.13,-0.09522298767450366,9.8,0.3745944091096298,0.5833594902755479,-0.8000000000000114
2010-03-01,0.16,0.03313132458968582,9.9,0.6833361127325688,-0.044572689409427824,0.0
2010-04-01,0.2,0.023001407787592854,9.9,0.3386556200029922,0.3665474320603934,-1.3999999999999915
2010-05-01,0.2,-0.051990716457517294,9.6,1.3418531682922286,0.6315638746372088,1.3999999999999915
2010-06-01,0.18,-0.04188828777280662,9.4,0.18475022092525606,0.22161509554603498,2.4000000000000057
2010-07-01,0.18,0.18675086613582081,9.4,0.3789845743598974,0.1320392139760429,-8.200000000000003
2010-08-01,0.19,0.14602967272390188,9.5,0.365793559629779,0.5586542225385571,1.1000000000000085
2010-09-01,0.19,0.1613946310657255,9.5,0.294342526586977,0.35388912417460006,-0.7000000000000028
2010-10-01,0.19,0.3475798701795263,9.4,-0.2837691245095364,0.5684205364865136,-0.5
2010-11-01,0.19,0.2530636859233937,9.8,0.08691845526112019,0.23465899794725686,3.8999999999999915
2010-12-01,0.18,0.4008531438849161,9.3,0.9737829134778053,0.38836764272911495,2.9000000000000057
2011-01-01,0.17,0.3237794880806,9.1,-0.21083561409289686,0.2919842275414197,-0.29999999999999716
2011-02-01,0.16,0.3209319251425313,9.0,-0.39787481289410565,0.7240084997699014,3.299999999999997
2011-03-01,0.14,0.5160211385656588,9.0,1.0348991071804647,0.6508342887672214,-10.0
2011-04-01,0.1,0.4683116049055691,9.1,-0.323549938184442,0.7064105880978389,2.299999999999997
2011-05-01,0.09,0.3176663791119694,9.0,0.12053529354325576,0.801419719122265,4.5
2011-06-01,0.09,0.0,9.1,0.30203149621863545,0.81247473983872,-2.799999999999997
2011-07-01,0.07,0.2616610518663798,9.0,0.4915055867338758,1.7499893325222615,-7.799999999999997
2011-08-01,0.1,0.31494972889110073,9.0,0.6728443816048646,1.9793813989092968,-7.900000000000006
2011-09-01,0.08,0.21691934558836223,9.0,-0.08274225944706615,0.21485662660811755,3.700000000000003
2011-10-01,0.07,0.06749796769751626,8.8,0.6916436587234287,0.3438566507636409,1.2999999999999972
2011-11-01,0.08,0.18461448804947267,8.6,-0.008659124192433865,0.5421195427762981,2.9000000000000057
2011-12-01,0.07,0.023768024196879622,8.5,0.5292261901561623,0.49067405540839104,6.200000000000003
2012-01-01,0.08,0.2720492157261667,8.3,0.5946556615738174,0.7581755835838422,5.099999999999994
2012-02-01,0.1,0.21351650368677255,8.3,0.3210503784291774,0.5335417462717373,0.29999999999999716
2012-03-01,0.13,0.20912821313983088,8.2,-0.5191174823684364,0.44854298974872364,0.9000000000000057
2012-04-01,0.14,0.1659410766074565,8.2,0.7167758505782551,0.5444916698834845,0.20000000000000284
2012-05-01,0.16,-0.2070321770282213,8.2,0.23065483365494188,0.4401012184347408,2.8999999999999915
2012-06-01,0.16,-0.08267047975740738,8.2,0.005529183852992503,0.7029518757565967,-6.099999999999994
2012-07-01,0.16,0.028876823050083544,8.2,0.20967842001429204,0.526471526183947,-0.9000000000000057
2012-08-01,0.13,0.5792717743123177,8.1,-0.428827046970337,0.7032635153946032,2.0
2012-09-01,0.14,0.47599198634582507,7.8,-0.0733960055224081,0.79031616410834,4.0
2012-10-01,0.16,0.2693164754400179,7.8,0.346796328918586,0.6462483197525515,4.299999999999997
2012-11-01,0.16,-0.168075617407748,7.7,0.366093862814143,0.6729858897196905,0.10000000000000853
2012-12-01,0.16,-0.012108893564644063,7.9,0.23667469005932418,1.1724206060378606,-9.799999999999997
2013-01-01,0.14,0.19788297664797838,8.0,0.02451126233573575,0.22865645770089316,0.8999999999999915
2013-02-01,0.15,0.5415237848954924,7.7,0.46660051793319113,0.18444927171223924,3.799999999999997
2013-03-01,0.14,-0.28158799739523843,7.5,0.4020487651326121,0.5333649132701623,1.0
2013-04-01,0.15,-0.20901621343405452,7.6,-0.08633445250438854,0.25949408525018924,-2.1999999999999886
2013-05-01,0.11,0.04140697507883928,7.5,0.07806732341153477,0.3274156866623912,8.099999999999994
2013-06-01,0.09,0.23775795219549423,7.5,0.20727838311218605,0.5358477228078584,-0.4000000000000057
2013-07-01,0.09,0.1955538987195915,7.3,-0.310675204574995,0.3683657603545498,1.0
2013-08-01,0.08,0.23844456313710793,7.2,0.576546223913077,0.5421476331505914,-3.0
2013-09-01,0.08,0.03768736661315941,7.2,0.5071694571082475,0.5613220543750685,-4.599999999999994
2013-10-01,0.09,0.05350878634899914,7.2,-0.07890413557394282,1.1378582417181704,-4.299999999999997
2013-11-01,0.08,0.18427904455773358,6.9,0.23333600077277694,0.08461507471952956,1.8999999999999915
2013-12-01,0.09,0.2640679493365994,6.7,0.20086317141130294,0.5848844867603731,7.400000000000006
2014-01-01,0.07,0.24212417175748513,6.6,-0.3563932744874876,0.6372002867459869,-1.2999999999999972
2014-02-01,0.07,0.11001732077007276,6.7,0.7528506037616012,0.5911982679137395,0.3999999999999915
2014-03-01,0.08,0.2039973140249174,6.7,0.9638605074811402,0.3192241468909174,-1.5999999999999943
2014-04-01,0.09,0.18624501675628125,6.2,0.09672024963487402,0.4007059909977073,4.099999999999994
2014-05-01,0.09,0.19011974817404464,6.3,0.382432097151586,0.5755856831592965,-2.1999999999999886
2014-06-01,0.1,0.13202602787965034,6.1,0.34263137889523065,0.48634934416398323,0.5999999999999943
2014-07-01,0.09,0.11248524027509532,6.2,0.22187855179991445,0.4805029572228392,-0.7000000000000028
2014-08-01,0.09,-0.016001414896038568,6.1,-0.18898378264742277,0.21194671763193895,0.7000000000000028
2014-09-01,0.09,0.0071588442287051635,5.9,0.28693197501494794,0.36353556239294704,2.0999999999999943
2014-10-01,0.09,-0.01979334907824537,5.7,0.011933608402614482,0.6403566330170918,2.3000000000000114
2014-11-01,0.09,-0.18844345845421273,5.8,0.6153151350189567,0.3538942786727617,1.8999999999999915
2014-12-01,0.12,-0.30893766581243653,5.6,-0.007906777172816959,0.7142948689233819,4.799999999999997
2015-01-01,0.11,-0.639069349248711,5.7,-0.7879228487476908,0.7448127345742961,4.5
2015-02-01,0.11,0.25314368884981064,5.5,-0.6405903226315068,0.9912421013831718,-2.6999999999999886
2015-03-01,0.11,0.2690329596581442,5.4,-0.3351872508375209,-0.019292631532863425,-2.4000000000000057
2015-04-01,0.12,0.10419358923821065,5.4,-0.5470746111496005,0.28565344804754034,2.9000000000000057
2015-05-01,0.12,0.32923197040535257,5.6,-0.44228298448434344,0.2339455974004423,-5.200000000000003
2015-06-01,0.13,0.27640971717151075,5.3,-0.31500185136206227,0.3382519117060667,5.3999999999999915
2015-07-01,0.13,0.15850629039944053,5.2,0.6460082190607785,0.36363374537167203,-3.0
2015-08-01,0.14,-0.00042010893430699525,5.1,-0.184021074428653,0.3722242603629411,-1.1999999999999886
2015-09-01,0.14,-0.22501171352722338,5.0,-0.2794967313555219,0.5097619115861818,-4.700000000000003
2015-10-01,0.12,0.09889928020463401,5.0,-0.48472353195281315,0.42050793343602066,2.799999999999997
2015-11-01,0.12,0.11939045033511064,5.1,-0.7384517731686024,0.7481026814032177,1.2999999999999972
2015-12-01,0.24,-0.1076132249516526,5.0,-0.4916123240685799,0.5739767790968742,1.2999999999999972
2016-01-01,0.34,-0.04585486804522532,4.8,0.5226534839914088,1.0487360437338111,-0.5999999999999943
2016-02-01,0.38,-0.13305601262363353,4.9,-0.5198264319299817,0.6798739686690425,-0.29999999999999716
2016-03-01,0.36,0.3129893008927631,5.0,-0.7447561483016507,0.45832968298409327,-0.7000000000000028
2016-04-01,0.37,0.38233269232099687,5.1,0.33764655587065207,0.6408209294106015,-2.0
2016-05-01,0.37,0.23613057911546775,4.8,-0.2270369719856724,0.4603612721520989,5.700000000000003
2016-06-01,0.38,0.2772111434034663,4.9,0.4712588491569747,0.3936936227709964,-1.2000000000000028
2016-07-01,0.39,-0.05038276433131372,4.8,0.1171402354962936,0.46110218164994166,-3.5
2016-08-01,0.4,0.1847514080185242,4.9,-0.15082196772331358,0.600736896357823,-0.20000000000000284
2016-09-01,0.4,0.2619775184768969,5.0,-0.10556910872727698,0.5006806493733862,1.4000000000000057
2016-10-01,0.4,0.2339947683755561,4.9,0.01559439981937416,0.5187633159092542,-4.0
2016-11-01,0.41,0.1178253303642407,4.7,-0.41804087257064637,0.6524528015965814,6.599999999999994
2016-12-01,0.54,0.25213409056821234,4.7,0.681259458935557,0.19815765306674393,4.400000000000006
2017-01-01,0.65,0.4034925423658464,4.7,-0.2632185863649106,0.6086510243855869,0.29999999999999716
2017-02-01,0.66,0.15913904232975895,4.6,-0.4022819294649871,0.5922781769806207,-2.200000000000003
2017-03-01,0.79,-0.04673107988741876,4.4,0.6577241165916625,0.5123175653228174,0.6000000000000085
2017-04-01,0.9,0.12333918811604505,4.4,1.0135936505023757,0.43060547612725486,0.09999999999999432
2017-05-01,0.91,-0.07742776356360892,4.4,0.11830347817092246,0.34846070415888164,0.09999999999999432
2017-06-01,1.04,0.06514164440556414,4.3,0.20579802852100926,0.08545309071941176,-2.0999999999999943
2017-07-01,1.15,0.03275963060049847,4.3,-0.23975598889283134,0.459895901605023,-1.5999999999999943
2017-08-01,1.16,0.38412391487883113,4.4,-0.41471676206601416,0.3994036208380791,3.3999999999999915
2017-09-01,1.15,0.5093396526107519,4.3,0.1031641609603895,0.3454461435170586,-1.7000000000000028
2017-10-01,1.15,0.07747520471248492,4.2,1.2242951327366747,0.39934415501079457,5.6000000000000085
2017-11-01,1.16,0.26644546143197445,4.2,0.23896267805678661,0.3139969877889115,-2.200000000000003
2017-12-01,1.3,0.21046728661735514,4.1,0.19533298635989738,0.2755617573356517,-2.5999999999999943
2018-01-01,1.41,0.42443244618279863,4.0,-0.001872595501151153,0.13389966725938507,-0.20000000000000284
2018-02-01,1.42,0.26886698861776637,4.1,0.2421606629052775,0.3518905159332064,4.0
2018-03-01,1.51,0.019234391150568797,4.0,0.4886354634384027,0.4534733470096697,1.7000000000000028
2018-04-01,1.69,0.2601021066075404,4.0,1.095858190317145,0.16542718917005317,-2.6000000000000085
2018-05-01,1.7,0.22554044437663734,3.8,-0.9045665423148996,0.4017311816697955,-0.7999999999999972
2018-06-01,1.82,0.09007393845479328,4.0,0.7739323183955982,0.3173976082555541,0.20000000000000284
2018-07-01,1.91,0.07805158171940718,3.8,0.16130706732431221,0.2642009462837436,-0.29999999999999716
2018-08-01,1.91,0.17857254132316314,3.8,0.6442729109767065,0.3422803699450583,-1.7000000000000028
2018-09-01,1.95,0.20601581183248285,3.7,0.06505452749951957,0.15666331487551588,3.8999999999999915
2018-10-01,2.19,0.2336847588066071,3.8,-0.11033900564871857,0.07788900159049206,-1.5
2018-11-01,2.2,-0.07044399795823608,3.8,0.07930645244380585,0.18360587370622738,-1.0999999999999943
2018-12-01,2.27,0.06846591120321932,3.9,0.02450018435427026,0.725510339752411,0.7999999999999972
2019-01-01,2.4,-0.08153120801193126,4.0,-0.666522303835837,0.5054350107959849,-7.099999999999994
2019-02-01,2.4,0.29967603671732235,3.8,-0.5479088490066175,0.3217568197415588,2.5999999999999943
2019-03-01,2.41,0.37746599164281136,3.8,0.03752804925412079,0.3523286904290046,4.6000000000000085
2019-04-01,2.42,0.37526294749232747,3.7,-0.5865977141161771,0.255212438110064,-1.2000000000000028
2019-05-01,2.39,0.02468028273403533,3.6,0.11530983463270417,0.7488319615131189,2.799999999999997
2019-06-01,2.38,-0.03251656708549433,3.6,0.044427195055796176,0.666958333987111,-1.7999999999999972
2019-07-01,2.4,0.23052171103783436,3.7,-0.48606038693659315,0.565856219923333,0.20000000000000284
2019-08-01,2.13,0.09143518703291775,3.6,0.6825724834902402,0.5867162156381056,-8.600000000000009
2019-09-01,2.04,0.15376632893948639,3.5,-0.33894417233817364,0.48365593558870046,3.4000000000000057
2019-10-01,1.83,0.2823293054042608,3.6,-0.8478362664281036,0.9070191949017925,2.299999999999997
2019-11-01,1.55,0.28114667260625836,3.6,0.5006764315212742,0.7342528583286878,1.2999999999999972
2019-12-01,1.55,0.29079862276493174,3.6,-0.23266844944638265,0.33612380104681705,2.5
2020-01-01,1.55,0.1919820118897242,3.6,-0.6575138580045881,0.517310883097899,0.5
2020-02-01,1.58,0.047455810079632954,3.5,0.3356601456009578,0.42884236417854993,1.2000000000000028
2020-03-01,0.65,-0.4538731922905548,4.4,-3.9905426201024774,3.4234971414420556,-11.900000000000006
2020-04-01,0.05,-0.7951678519018124,14.8,-14.142247901545613,6.239806383922897,-17.299999999999997
2020-05-01,0.05,-0.08987289452484504,13.2,1.6402914528458545,4.958985259298387,0.5
2020-06-01,0.08,0.4835787945001613,11.0,6.347249159182677,1.392156979547643,5.799999999999997
2020-07-01,0.09,0.5083500471799063,10.2,3.6787112300800118,0.8275033049457647,-5.599999999999994
2020-08-01,0.1,0.3724399090982544,8.4,0.9731960431251352,0.4125557603209984,1.5999999999999943
2020-09-01,0.09,0.2622697257172568,7.8,0.012505093236558906,1.033680520222191,6.300000000000011
2020-10-01,0.09,0.12377095499918056,6.9,0.8017424837306386,0.8303023335111348,1.3999999999999915
2020-11-01,0.09,0.22715509642852183,6.7,0.35310967909989444,1.2682068338522257,-4.8999999999999915
2020-12-01,0.09,0.4336891736264725,6.7,1.3112855111043764,0.6228914970090926,3.799999999999997
2021-01-01,0.09,0.244696462323013,6.4,0.526452556660395,1.36800186111099,-1.7000000000000028
2021-02-01,0.08,0.33899239327928044,6.2,-3.3600576999423204,1.3469942877131658,-2.200000000000003
2021-03-01,0.07,0.5229512050377139,6.1,2.8565786232450208,1.1712141980064317,8.100000000000009
2021-04-01,0.07,0.62192741497622,6.1,0.17578578773207454,1.5091950076127958,3.3999999999999915
2021-05-01,0.06,0.6613145296403999,5.8,0.8834757856392983,1.395884299625294,-5.3999999999999915
2021-06-01,0.08,0.8426187578421285,5.9,0.3668089560924237,0.08843051086699916,2.5999999999999943
2021-07-01,0.1,0.4604132676793604,5.4,0.4530861445060097,0.7599086929891641,-4.299999999999997
2021-08-01,0.09,0.28388921319173477,5.1,-0.20789280941340138,1.0001530060248953,-10.900000000000006
2021-09-01,0.08,0.45153080999735806,4.7,-1.192362503883615,0.6709460702063907,2.5
2021-10-01,0.08,0.959205116305295,4.5,1.334599098044631,0.8528421453805279,-1.0999999999999943
2021-11-01,0.08,0.8529780648274254,4.1,0.6757498302163434,0.8245412226225213,-4.299999999999997
2021-12-01,0.08,0.6881498633264371,3.9,-0.2907100013006314,0.7606019667877106,3.1999999999999886
2022-01-01,0.08,0.6027835670519899,4.0,-0.38553890138945945,0.7008334826027252,-3.3999999999999915
2022-02-01,0.08,0.6902502173639746,3.9,0.6177379936951333,0.3449010676691344,-4.400000000000006
2022-03-01,0.2,1.1094640992139304,3.7,0.5779525289359988,0.2849816690760676,-3.3999999999999986
2022-04-01,0.33,0.3078607514535925,3.7,0.04861197143313234,-0.07943742195610781,5.800000000000004
2022-05-01,0.77,0.9440296094642697,3.6,-0.10504332153136176,-0.2299433053451594,-6.800000000000004
2022-06-01,1.21,1.2482784835835758,3.6,-0.31183386894699794,-0.3149594378740517,-8.399999999999999
2022-07-01,1.68,-0.01491854140125426,3.5,0.20272849739724208,0.007389617590547459,1.5
2022-08-01,2.33,0.06237182622843562,3.6,-0.1252475829669919,-0.06745051190097939,6.700000000000003
2022-09-01,2.56,0.4233697987951146,3.5,0.1931932369605427,-0.4711101089206693,0.3999999999999986
2022-10-01,3.08,0.5579162322644216,3.6,-0.0384112746256271,-0.3488537888358678,1.2999999999999972
2022-11-01,3.78,0.2610621915570377,3.6,-0.29444934707285597,-0.2566018017109428,-3.1999999999999957
2022-12-01,4.1,0.015394449327477133,3.5,-1.1845400797525052,-0.5410166015463957,3.0999999999999943
2023-01-01,4.33,0.5299952998656821,3.5,0.7376024221829702,-0.054497962373289965,5.1000000000000085
2023-02-01,4.57,0.3422669365506614,3.6,0.13582135715868304,-0.17167466935923414,2.0
2023-03-01,4.65,0.12299614825534988,3.5,0.375777546565903,-1.4036831822203055,-4.900000000000006
2023-04-01,4.83,0.3386997049354079,3.4,0.22988686347238385,-0.8890396667959877,1.7000000000000028
2023-05-01,5.06,0.16133851752462292,3.6,-0.3208999022467296,0.3284359461330766,-4.700000000000003
2023-06-01,5.08,0.22392443348424607,3.6,-0.804786480502262,-0.14605205699815826,5.200000000000003
2023-07-01,5.12,0.19552339939634678,3.5,0.7830856183776547,-0.03895120329122648,7.299999999999997
2023-08-01,5.33,0.48240529386349706,3.7,-0.06681669277961433,-0.06735886168023342,-2.0999999999999943
2023-09-01,5.33,0.3893326599538227,3.7,0.1801245307687438,-0.14160146857307154,-1.6000000000000085
2023-10-01,5.33,0.13659160589440944,3.9,-0.5481179041073148,-0.0718406422304696,-4.0
2023-11-01,5.33,0.14679044730874224,3.7,0.3923856488423638,0.06557472136687892,-2.5
2023-12-01,5.33,0.19225506781728186,3.8,-0.258901106065057,0.15123641032737112,8.400000000000006
2024-01-01,5.33,0.3094891376105302,3.7,-1.3820284885654566,0.31714176377946046,9.299999999999997
2024-02-01,5.33,0.40891681286252535,3.9,1.0653345023457383,0.3997965647229762,-2.0999999999999943
2024-03-01,5.33,0.4421548903283501,3.9,0.17186200476606572,0.22195024540518915,2.5
2024-04-01,5.33,0.21683241408005927,3.9,-0.21335238777089316,-0.06772612197742944,-2.200000000000003
2024-05-01,5.33,0.04854694616884814,3.9,0.6161931798148501,0.29061201385154334,-8.100000000000009
2024-06-01,5.33,-0.04183839899809527,4.1,0.030730036870085797,0.22666210692001698,-0.8999999999999915
2024-07-01,5.33,0.16756758089773172,4.2,-0.9143304316003409,0.12759792736272146,-1.7999999999999972
2024-08-01,5.33,0.15709870971756246,4.2,0.4542772371983972,0.43280793921542937,1.5
2024-09-01,5.13,0.2131064398080973,4.1,-0.6217580718655746,0.3895775401778323,2.1999999999999886
2024-10-01,4.83,0.28523267054199053,4.1,-0.34012836016454884,0.29294832857953423,0.4000000000000057
2024-11-01,4.64,0.28378955358077107,4.2,-0.1781025012705939,0.5623599282870373,1.2999999999999972
2024-12-01,4.48,0.3393618466373205,4.1,1.036780188456099,0.15697018228397752,2.200000000000003
2025-01-01,4.33,0.42635145054417123,4.0,-0.26208646085175147,0.2890739569357592,-2.299999999999997
2025-02-01,4.33,0.22485290696172555,4.2,1.0286225390843562,0.3030473849513271,-7.0
2025-03-01,4.33,0.03315276574467063,4.2,-0.05827653020853418,0.37037763550475944,-7.700000000000003
2025-04-01,4.33,0.16154057571160507,4.2,0.08656154843622588,0.37727733653749596,-4.799999999999997
2025-05-01,4.33,0.09923205197965856,4.3,-0.16071780172621786,0.2673718678693149,0.0
2025-06-01,4.33,0.25387246816279685,4.1,0.5068079054469266,0.47883708715055207,8.5
2025-07-01,4.33,0.22809066389317678,4.3,0.40861038548207773,0.3694372564950754,1.0
2025-08-01,4.33,0.3476593840383124,4.3,-0.26464414048792406,0.30335412964053177,-3.5
2025-09-01,4.22,0.29465564547281886,4.4,0.042598677330563106,0.3768882745456281,-3.1000000000000014
2025-10-01,4.09,0.0,4.4,-0.4421176568901508,0.3368204303727751,-1.5
2025-11-01,3.88,0.25196068206474465,4.5,-0.18303731268254353,0.14509520205141513,-2.6000000000000014
2025-12-01,3.72,0.2973459172441295,4.4,0.4797725572832867,0.34101966910835557,1.8999999999999986
2026-01-01,3.64,0.17069687987829596,4.3,-0.04591268788107783,0.3385231490110385,3.5
2026-02-01,3.64,0.26664725422760327,4.4,0.6161888413436678,0.8775743627358779,0.20000000000000284
2026-03-01,3.64,0.8614229105845972,4.3,-0.28924985432849937,0.26217425319661203,-3.3000000000000043
2026-04-01,3.64,0.63799824074664,4.3,0.6757658890105489,0.5192258905706737,-3.5
